[
    {
        "code": "DOGE",
        "name": "도지코인",
        "currentKRW": "561",
        "Own": "No"
    },
    {
        "code": "ETH",
        "name": "이더리움",
        "currentKRW": "3780000",
        "Own": "Yes"
    },
    {
        "code": "ETC",
        "name": "이더리움클래식",
        "currentKRW": "100560",
        "Own": "No"
    },
    {
        "code": "EOS",
        "name": "이오스",
        "currentKRW": "12988",
        "Own": "No"
    },
    {
        "code": "XRP",
        "name": "리플",
        "currentKRW": "1615",
        "Own": "No"
    },
    {
        "code": "ADA",
        "name": "에이다",
        "currentKRW": "2356",
        "Own": "No"
    },
    {
        "code": "BTC",
        "name": "비트코인",
        "currentKRW": "53649000",
        "Own": "Yes"
    },
    {
        "code": "BCH",
        "name": "비트코인캐시",
        "currentKRW": "1498500",
        "Own": "No"
    },
    {
        "code": "BTT",
        "name": "비트토렌트",
        "currentKRW": "6.59",
        "Own": "Yes"
    },
    {
        "code": "DOT",
        "name": "폴카닷",
        "currentKRW": "47470",
        "Own": "Yes"
    },
    {
        "code": "SSX",
        "name": "썸씽",
        "currentKRW": "106",
        "Own": "Yes"
    },
    {
        "code": "VET",
        "name": "비체인",
        "currentKRW": "232",
        "Own": "No"
    },
    {
        "code": "LTC",
        "name": "라이트코인",
        "currentKRW": "389100",
        "Own": "Yes"
    },
    {
        "code": "BTG",
        "name": "비트코인골드",
        "currentKRW": "111850",
        "Own": "No"
    }
]